location,question,theme,community sourceIds,factual sourceIds,duplicate similarity,approved,notes
"North America","Does TheEduAssist support both US and Canadian clients?","General","SRC-KAJ-01","SRC-W3C-01","Low","Yes","Validated Unique"
"North America","What LMS platforms are most popular for North American corporations?","General","SRC-KAJ-01","SRC-W3C-01","Low","Yes","Validated Unique"
"North America","Can you help migrate our existing Kajabi courses to a corporate LMS?","General","SRC-KAJ-01","SRC-W3C-01","Low","Yes","Validated Unique"
"Europe","How do you ensure e-learning content complies with GDPR?","General","COMM-ART-01","SRC-W3C-01","Low","Yes","Validated Unique"
"Europe","Can you develop courses in multiple European languages simultaneously?","General","COMM-ART-01","SRC-W3C-01","Low","Yes","Validated Unique"
"Europe","What is the best way to train a distributed European manufacturing workforce?","General","COMM-ART-01","SRC-W3C-01","Low","Yes","Validated Unique"
"United Kingdom and Ireland","Are online courses required to be WCAG compliant in the UK?","General","RED-LMS-02, SRC-UKGOV-01","SRC-W3C-01","Low","Yes","Validated Unique"
"United Kingdom and Ireland","Do you build courses that offer CPD certification?","General","RED-LMS-02, SRC-UKGOV-01","SRC-W3C-01","Low","Yes","Validated Unique"
"United Kingdom and Ireland","Can you assist with migrating from an old legacy LMS?","General","RED-LMS-02, SRC-UKGOV-01","SRC-W3C-01","Low","Yes","Validated Unique"
"Latin America","How do you optimize e-learning for mobile users in LATAM?","General","","SRC-W3C-01","Low","Yes","Validated Unique"
"Latin America","Can you manage content localization for both Mexico and Brazil?","General","","SRC-W3C-01","Low","Yes","Validated Unique"
"Latin America","What is the best way to train remote BPO workers quickly?","General","","SRC-W3C-01","Low","Yes","Validated Unique"
"United States","Do you help US companies migrate between LMS platforms?","General","RED-ID-01, SRC-KAJ-01","SRC-W3C-01","Low","Yes","Validated Unique"
"United States","How do you handle state-specific compliance training?","General","RED-ID-01, SRC-KAJ-01","SRC-W3C-01","Low","Yes","Validated Unique"
"United States","What platform do you recommend for a US coaching business?","General","RED-ID-01, SRC-KAJ-01","SRC-W3C-01","Low","Yes","Validated Unique"
"United States","Are your courses compliant with ADA and Section 508?","General","RED-ID-01, SRC-KAJ-01","SRC-W3C-01","Low","Yes","Validated Unique"
"United States","How long does a typical custom e-learning project take?","General","RED-ID-01, SRC-KAJ-01","SRC-W3C-01","Low","Yes","Validated Unique"
"Canada","Can you develop e-learning in both English and Canadian French?","General","","SRC-W3C-01","Low","Yes","Validated Unique"
"Canada","How do PIPEDA regulations impact our choice of LMS?","General","","SRC-W3C-01","Low","Yes","Validated Unique"
"Canada","Which LMS is best for Canadian higher education?","General","","SRC-W3C-01","Low","Yes","Validated Unique"
"Canada","Do you offer custom SCORM development?","General","","SRC-W3C-01","Low","Yes","Validated Unique"
"Canada","Can you help transform our old PDF manuals?","General","","SRC-W3C-01","Low","Yes","Validated Unique"
"New York","What should NYC finance firms look for in an LMS?","General","RED-ID-01, SRC-KAJ-01","SRC-W3C-01","Low","Yes","Validated Unique"
"New York","How quickly can we migrate our training academy to a new platform?","General","RED-ID-01, SRC-KAJ-01","SRC-W3C-01","Low","Yes","Validated Unique"
"New York","Can you help transform existing webinar recordings into courses?","General","RED-ID-01, SRC-KAJ-01","SRC-W3C-01","Low","Yes","Validated Unique"
"New York","Does TheEduAssist provide on-site services in Manhattan?","General","RED-ID-01, SRC-KAJ-01","SRC-W3C-01","Low","Yes","Validated Unique"
"New York","How do we balance dense technical training with user engagement?","General","RED-ID-01, SRC-KAJ-01","SRC-W3C-01","Low","Yes","Validated Unique"
"New York","What is the best way to convert our old PDF manuals?","General","RED-ID-01, SRC-KAJ-01","SRC-W3C-01","Low","Yes","Validated Unique"
"New York","Do you specialize in executive coaching platforms?","General","RED-ID-01, SRC-KAJ-01","SRC-W3C-01","Low","Yes","Validated Unique"
"New York","Can courses handle different state regulations automatically?","General","RED-ID-01, SRC-KAJ-01","SRC-W3C-01","Low","Yes","Validated Unique"
"London","Are UK e-learning courses required to be WCAG compliant?","General","RED-LMS-02, SRC-UKGOV-01","SRC-W3C-01","Low","Yes","Validated Unique"
"London","Can you ensure GDPR compliance for London firms?","General","RED-LMS-02, SRC-UKGOV-01","SRC-W3C-01","Low","Yes","Validated Unique"
"London","Do you support the integration of CPD certificates?","General","RED-LMS-02, SRC-UKGOV-01","SRC-W3C-01","Low","Yes","Validated Unique"
"London","What is the best LMS for a UK legal firm?","General","RED-LMS-02, SRC-UKGOV-01","SRC-W3C-01","Low","Yes","Validated Unique"
"London","How do remote collaborations work with your agency?","General","RED-LMS-02, SRC-UKGOV-01","SRC-W3C-01","Low","Yes","Validated Unique"
"London","Can you build interactive compliance training?","General","RED-LMS-02, SRC-UKGOV-01","SRC-W3C-01","Low","Yes","Validated Unique"
"London","Do you offer SCORM or xAPI development?","General","RED-LMS-02, SRC-UKGOV-01","SRC-W3C-01","Low","Yes","Validated Unique"
"London","How do we handle high staff turnover in retail training?","General","RED-LMS-02, SRC-UKGOV-01","SRC-W3C-01","Low","Yes","Validated Unique"
