route,file exists,title exists,meta description exists,canonical exists,canonical uses www,canonical is not malformed,robots meta,H1 exists,Internal Error present,empty-page state,broken internal links,duplicate canonical,in sitemap
/404.html,true,true,true,true,true,true,index,true,false,false,false,false,false
/about/,true,true,true,true,true,true,index,true,false,false,false,false,true
/about-us/,true,true,true,true,true,true,index,true,false,false,false,false,false
/accessibility-statement/,true,true,true,true,true,true,index,true,false,false,false,false,false
/ai-use-policy/,true,true,true,true,true,true,index,true,false,false,false,false,false
/blog/,true,true,true,true,true,true,index,true,false,false,false,false,true
/blog/page/,true,true,true,true,true,true,index,true,false,false,false,false,false
/book-free-audit/,true,true,true,true,true,true,index,true,false,false,false,false,true
/book-free-kajabi-audit/,true,true,true,true,true,true,index,true,false,false,false,false,false
/brand-assets/,true,true,true,true,true,true,index,true,false,false,false,false,true
/careers/,true,true,true,true,true,true,index,true,false,false,false,false,false
/case-studies/business-analytics-corporate-training/,true,true,true,true,true,true,index,true,false,false,false,false,false
/case-studies/,true,true,true,true,true,true,index,true,false,false,false,false,true
/case-studies/language-courses-book-publisher/,true,true,true,true,true,true,index,true,false,false,false,false,false
/case-studies/sqa-aligned-vocational-training/,true,true,true,true,true,true,index,true,false,false,false,false,false
/contact/,true,true,true,true,true,true,index,true,false,false,false,false,true
/cookie-policy/,true,true,true,true,true,true,index,true,false,false,false,false,false
/disclaimer/,true,true,true,true,true,true,index,true,false,false,false,false,false
/editorial-policy/,true,true,true,true,true,true,index,true,false,false,false,false,false
/home/,true,true,true,true,true,true,index,true,false,false,false,false,false
/,true,true,true,true,true,true,index,true,false,false,false,false,true
/kajabi-services/,true,true,true,true,true,true,index,true,false,false,false,false,true
/locations/abu-dhabi-elearning-development/,true,true,true,true,true,true,index,true,false,false,false,false,true
/locations/africa/,true,true,true,true,true,true,index,true,false,false,false,false,true
/locations/amsterdam-elearning-development/,true,true,true,true,true,true,index,true,false,false,false,false,true
/locations/asia-pacific/,true,true,true,true,true,true,index,true,false,false,false,false,true
/locations/atlanta-elearning-development/,true,true,true,true,true,true,noindex,true,false,false,false,false,true
/locations/auckland-elearning-development/,true,true,true,true,true,true,noindex,true,false,false,false,false,true
/locations/australia/,true,true,true,true,true,true,index,true,false,false,false,false,true
/locations/australia-new-zealand/,true,true,true,true,true,true,index,true,false,false,false,false,true
/locations/bangkok-elearning-development/,true,true,true,true,true,true,noindex,true,false,false,false,false,true
/locations/bengaluru-elearning-development/,true,true,true,true,true,true,index,true,false,false,false,false,true
/locations/berlin-elearning-development/,true,true,true,true,true,true,index,true,false,false,false,false,true
/locations/boston-elearning-development/,true,true,true,true,true,true,noindex,true,false,false,false,false,true
/locations/brisbane-elearning-development/,true,true,true,true,true,true,noindex,true,false,false,false,false,true
/locations/canada/,true,true,true,true,true,true,index,true,false,false,false,false,true
/locations/cape-town-elearning-development/,true,true,true,true,true,true,index,true,false,false,false,false,true
/locations/chicago-elearning-development/,true,true,true,true,true,true,index,true,false,false,false,false,true
/locations/city-100-elearning-development/,true,true,true,true,true,true,noindex,true,false,false,false,false,false
/locations/city-101-elearning-development/,true,true,true,true,true,true,noindex,true,false,false,false,false,false
/locations/city-102-elearning-development/,true,true,true,true,true,true,noindex,true,false,false,false,false,false
/locations/city-103-elearning-development/,true,true,true,true,true,true,noindex,true,false,false,false,false,false
/locations/city-104-elearning-development/,true,true,true,true,true,true,noindex,true,false,false,false,false,false
/locations/city-105-elearning-development/,true,true,true,true,true,true,noindex,true,false,false,false,false,false
/locations/city-106-elearning-development/,true,true,true,true,true,true,noindex,true,false,false,false,false,false
/locations/city-107-elearning-development/,true,true,true,true,true,true,noindex,true,false,false,false,false,false
/locations/city-108-elearning-development/,true,true,true,true,true,true,noindex,true,false,false,false,false,false
/locations/city-109-elearning-development/,true,true,true,true,true,true,noindex,true,false,false,false,false,false
/locations/city-110-elearning-development/,true,true,true,true,true,true,noindex,true,false,false,false,false,false
/locations/city-111-elearning-development/,true,true,true,true,true,true,noindex,true,false,false,false,false,false
/locations/city-112-elearning-development/,true,true,true,true,true,true,noindex,true,false,false,false,false,false
/locations/city-113-elearning-development/,true,true,true,true,true,true,noindex,true,false,false,false,false,false
/locations/city-114-elearning-development/,true,true,true,true,true,true,noindex,true,false,false,false,false,false
/locations/city-115-elearning-development/,true,true,true,true,true,true,noindex,true,false,false,false,false,false
/locations/city-116-elearning-development/,true,true,true,true,true,true,noindex,true,false,false,false,false,false
/locations/city-117-elearning-development/,true,true,true,true,true,true,noindex,true,false,false,false,false,false
/locations/city-118-elearning-development/,true,true,true,true,true,true,noindex,true,false,false,false,false,false
/locations/city-119-elearning-development/,true,true,true,true,true,true,noindex,true,false,false,false,false,false
/locations/city-120-elearning-development/,true,true,true,true,true,true,noindex,true,false,false,false,false,false
/locations/city-121-elearning-development/,true,true,true,true,true,true,noindex,true,false,false,false,false,false
/locations/city-122-elearning-development/,true,true,true,true,true,true,noindex,true,false,false,false,false,false
/locations/city-123-elearning-development/,true,true,true,true,true,true,noindex,true,false,false,false,false,false
/locations/city-124-elearning-development/,true,true,true,true,true,true,noindex,true,false,false,false,false,false
/locations/city-125-elearning-development/,true,true,true,true,true,true,noindex,true,false,false,false,false,false
/locations/city-126-elearning-development/,true,true,true,true,true,true,noindex,true,false,false,false,false,false
/locations/city-127-elearning-development/,true,true,true,true,true,true,noindex,true,false,false,false,false,false
/locations/city-128-elearning-development/,true,true,true,true,true,true,noindex,true,false,false,false,false,false
/locations/city-129-elearning-development/,true,true,true,true,true,true,noindex,true,false,false,false,false,false
/locations/city-130-elearning-development/,true,true,true,true,true,true,noindex,true,false,false,false,false,false
/locations/city-131-elearning-development/,true,true,true,true,true,true,noindex,true,false,false,false,false,false
/locations/city-132-elearning-development/,true,true,true,true,true,true,noindex,true,false,false,false,false,false
/locations/city-133-elearning-development/,true,true,true,true,true,true,noindex,true,false,false,false,false,false
/locations/city-134-elearning-development/,true,true,true,true,true,true,noindex,true,false,false,false,false,false
/locations/city-135-elearning-development/,true,true,true,true,true,true,noindex,true,false,false,false,false,false
/locations/city-136-elearning-development/,true,true,true,true,true,true,noindex,true,false,false,false,false,false
/locations/city-137-elearning-development/,true,true,true,true,true,true,noindex,true,false,false,false,false,false
/locations/city-138-elearning-development/,true,true,true,true,true,true,noindex,true,false,false,false,false,false
/locations/city-139-elearning-development/,true,true,true,true,true,true,noindex,true,false,false,false,false,false
/locations/city-140-elearning-development/,true,true,true,true,true,true,noindex,true,false,false,false,false,false
/locations/city-141-elearning-development/,true,true,true,true,true,true,noindex,true,false,false,false,false,false
/locations/city-142-elearning-development/,true,true,true,true,true,true,noindex,true,false,false,false,false,false
/locations/city-143-elearning-development/,true,true,true,true,true,true,noindex,true,false,false,false,false,false
/locations/city-144-elearning-development/,true,true,true,true,true,true,noindex,true,false,false,false,false,false
/locations/city-145-elearning-development/,true,true,true,true,true,true,noindex,true,false,false,false,false,false
/locations/city-146-elearning-development/,true,true,true,true,true,true,noindex,true,false,false,false,false,false
/locations/city-147-elearning-development/,true,true,true,true,true,true,noindex,true,false,false,false,false,false
/locations/city-148-elearning-development/,true,true,true,true,true,true,noindex,true,false,false,false,false,false
/locations/city-149-elearning-development/,true,true,true,true,true,true,noindex,true,false,false,false,false,false
/locations/city-150-elearning-development/,true,true,true,true,true,true,noindex,true,false,false,false,false,false
/locations/city-151-elearning-development/,true,true,true,true,true,true,noindex,true,false,false,false,false,false
/locations/city-152-elearning-development/,true,true,true,true,true,true,noindex,true,false,false,false,false,false
/locations/city-153-elearning-development/,true,true,true,true,true,true,noindex,true,false,false,false,false,false
/locations/city-154-elearning-development/,true,true,true,true,true,true,noindex,true,false,false,false,false,false
/locations/city-155-elearning-development/,true,true,true,true,true,true,noindex,true,false,false,false,false,false
/locations/city-156-elearning-development/,true,true,true,true,true,true,noindex,true,false,false,false,false,false
/locations/city-157-elearning-development/,true,true,true,true,true,true,noindex,true,false,false,false,false,false
/locations/city-158-elearning-development/,true,true,true,true,true,true,noindex,true,false,false,false,false,false
/locations/city-159-elearning-development/,true,true,true,true,true,true,noindex,true,false,false,false,false,false
/locations/city-160-elearning-development/,true,true,true,true,true,true,noindex,true,false,false,false,false,false
/locations/city-161-elearning-development/,true,true,true,true,true,true,noindex,true,false,false,false,false,false
/locations/city-162-elearning-development/,true,true,true,true,true,true,noindex,true,false,false,false,false,false
/locations/city-163-elearning-development/,true,true,true,true,true,true,noindex,true,false,false,false,false,false
/locations/city-164-elearning-development/,true,true,true,true,true,true,noindex,true,false,false,false,false,false
/locations/city-165-elearning-development/,true,true,true,true,true,true,noindex,true,false,false,false,false,false
/locations/city-166-elearning-development/,true,true,true,true,true,true,noindex,true,false,false,false,false,false
/locations/city-167-elearning-development/,true,true,true,true,true,true,noindex,true,false,false,false,false,false
/locations/city-168-elearning-development/,true,true,true,true,true,true,noindex,true,false,false,false,false,false
/locations/city-169-elearning-development/,true,true,true,true,true,true,noindex,true,false,false,false,false,false
/locations/city-170-elearning-development/,true,true,true,true,true,true,noindex,true,false,false,false,false,false
/locations/city-171-elearning-development/,true,true,true,true,true,true,noindex,true,false,false,false,false,false
/locations/city-172-elearning-development/,true,true,true,true,true,true,noindex,true,false,false,false,false,false
/locations/city-173-elearning-development/,true,true,true,true,true,true,noindex,true,false,false,false,false,false
/locations/city-174-elearning-development/,true,true,true,true,true,true,noindex,true,false,false,false,false,false
/locations/city-175-elearning-development/,true,true,true,true,true,true,noindex,true,false,false,false,false,false
/locations/city-176-elearning-development/,true,true,true,true,true,true,noindex,true,false,false,false,false,false
/locations/city-177-elearning-development/,true,true,true,true,true,true,noindex,true,false,false,false,false,false
/locations/city-178-elearning-development/,true,true,true,true,true,true,noindex,true,false,false,false,false,false
/locations/city-179-elearning-development/,true,true,true,true,true,true,noindex,true,false,false,false,false,false
/locations/city-180-elearning-development/,true,true,true,true,true,true,noindex,true,false,false,false,false,false
/locations/city-181-elearning-development/,true,true,true,true,true,true,noindex,true,false,false,false,false,false
/locations/city-182-elearning-development/,true,true,true,true,true,true,noindex,true,false,false,false,false,false
/locations/city-183-elearning-development/,true,true,true,true,true,true,noindex,true,false,false,false,false,false
/locations/city-184-elearning-development/,true,true,true,true,true,true,noindex,true,false,false,false,false,false
/locations/city-185-elearning-development/,true,true,true,true,true,true,noindex,true,false,false,false,false,false
/locations/city-186-elearning-development/,true,true,true,true,true,true,noindex,true,false,false,false,false,false
/locations/city-187-elearning-development/,true,true,true,true,true,true,noindex,true,false,false,false,false,false
/locations/city-188-elearning-development/,true,true,true,true,true,true,noindex,true,false,false,false,false,false
/locations/city-189-elearning-development/,true,true,true,true,true,true,noindex,true,false,false,false,false,false
/locations/city-190-elearning-development/,true,true,true,true,true,true,noindex,true,false,false,false,false,false
/locations/city-191-elearning-development/,true,true,true,true,true,true,noindex,true,false,false,false,false,false
/locations/city-192-elearning-development/,true,true,true,true,true,true,noindex,true,false,false,false,false,false
/locations/city-193-elearning-development/,true,true,true,true,true,true,noindex,true,false,false,false,false,false
/locations/city-194-elearning-development/,true,true,true,true,true,true,noindex,true,false,false,false,false,false
/locations/city-195-elearning-development/,true,true,true,true,true,true,noindex,true,false,false,false,false,false
/locations/city-196-elearning-development/,true,true,true,true,true,true,noindex,true,false,false,false,false,false
/locations/city-197-elearning-development/,true,true,true,true,true,true,noindex,true,false,false,false,false,false
/locations/city-198-elearning-development/,true,true,true,true,true,true,noindex,true,false,false,false,false,false
/locations/city-199-elearning-development/,true,true,true,true,true,true,noindex,true,false,false,false,false,false
/locations/city-200-elearning-development/,true,true,true,true,true,true,noindex,true,false,false,false,false,false
/locations/city-201-elearning-development/,true,true,true,true,true,true,noindex,true,false,false,false,false,false
/locations/city-202-elearning-development/,true,true,true,true,true,true,noindex,true,false,false,false,false,false
/locations/city-203-elearning-development/,true,true,true,true,true,true,noindex,true,false,false,false,false,false
/locations/city-204-elearning-development/,true,true,true,true,true,true,noindex,true,false,false,false,false,false
/locations/city-205-elearning-development/,true,true,true,true,true,true,noindex,true,false,false,false,false,false
/locations/city-206-elearning-development/,true,true,true,true,true,true,noindex,true,false,false,false,false,false
/locations/city-207-elearning-development/,true,true,true,true,true,true,noindex,true,false,false,false,false,false
/locations/city-208-elearning-development/,true,true,true,true,true,true,noindex,true,false,false,false,false,false
/locations/city-209-elearning-development/,true,true,true,true,true,true,noindex,true,false,false,false,false,false
/locations/city-210-elearning-development/,true,true,true,true,true,true,noindex,true,false,false,false,false,false
/locations/city-211-elearning-development/,true,true,true,true,true,true,noindex,true,false,false,false,false,false
/locations/city-212-elearning-development/,true,true,true,true,true,true,noindex,true,false,false,false,false,false
/locations/city-213-elearning-development/,true,true,true,true,true,true,noindex,true,false,false,false,false,false
/locations/city-214-elearning-development/,true,true,true,true,true,true,noindex,true,false,false,false,false,false
/locations/city-215-elearning-development/,true,true,true,true,true,true,noindex,true,false,false,false,false,false
/locations/city-216-elearning-development/,true,true,true,true,true,true,noindex,true,false,false,false,false,false
/locations/city-217-elearning-development/,true,true,true,true,true,true,noindex,true,false,false,false,false,false
/locations/city-218-elearning-development/,true,true,true,true,true,true,noindex,true,false,false,false,false,false
/locations/city-219-elearning-development/,true,true,true,true,true,true,noindex,true,false,false,false,false,false
/locations/city-220-elearning-development/,true,true,true,true,true,true,noindex,true,false,false,false,false,false
/locations/city-221-elearning-development/,true,true,true,true,true,true,noindex,true,false,false,false,false,false
/locations/city-222-elearning-development/,true,true,true,true,true,true,noindex,true,false,false,false,false,false
/locations/city-223-elearning-development/,true,true,true,true,true,true,noindex,true,false,false,false,false,false
/locations/city-224-elearning-development/,true,true,true,true,true,true,noindex,true,false,false,false,false,false
/locations/city-225-elearning-development/,true,true,true,true,true,true,noindex,true,false,false,false,false,false
/locations/city-226-elearning-development/,true,true,true,true,true,true,noindex,true,false,false,false,false,false
/locations/city-227-elearning-development/,true,true,true,true,true,true,noindex,true,false,false,false,false,false
/locations/city-228-elearning-development/,true,true,true,true,true,true,noindex,true,false,false,false,false,false
/locations/city-229-elearning-development/,true,true,true,true,true,true,noindex,true,false,false,false,false,false
/locations/city-230-elearning-development/,true,true,true,true,true,true,noindex,true,false,false,false,false,false
/locations/city-231-elearning-development/,true,true,true,true,true,true,noindex,true,false,false,false,false,false
/locations/city-232-elearning-development/,true,true,true,true,true,true,noindex,true,false,false,false,false,false
/locations/city-233-elearning-development/,true,true,true,true,true,true,noindex,true,false,false,false,false,false
/locations/city-234-elearning-development/,true,true,true,true,true,true,noindex,true,false,false,false,false,false
/locations/city-235-elearning-development/,true,true,true,true,true,true,noindex,true,false,false,false,false,false
/locations/city-236-elearning-development/,true,true,true,true,true,true,noindex,true,false,false,false,false,false
/locations/city-237-elearning-development/,true,true,true,true,true,true,noindex,true,false,false,false,false,false
/locations/city-238-elearning-development/,true,true,true,true,true,true,noindex,true,false,false,false,false,false
/locations/city-239-elearning-development/,true,true,true,true,true,true,noindex,true,false,false,false,false,false
/locations/city-240-elearning-development/,true,true,true,true,true,true,noindex,true,false,false,false,false,false
/locations/city-241-elearning-development/,true,true,true,true,true,true,noindex,true,false,false,false,false,false
/locations/city-242-elearning-development/,true,true,true,true,true,true,noindex,true,false,false,false,false,false
/locations/city-243-elearning-development/,true,true,true,true,true,true,noindex,true,false,false,false,false,false
/locations/city-244-elearning-development/,true,true,true,true,true,true,noindex,true,false,false,false,false,false
/locations/city-245-elearning-development/,true,true,true,true,true,true,noindex,true,false,false,false,false,false
/locations/city-246-elearning-development/,true,true,true,true,true,true,noindex,true,false,false,false,false,false
/locations/city-247-elearning-development/,true,true,true,true,true,true,noindex,true,false,false,false,false,false
/locations/city-248-elearning-development/,true,true,true,true,true,true,noindex,true,false,false,false,false,false
/locations/city-249-elearning-development/,true,true,true,true,true,true,noindex,true,false,false,false,false,false
/locations/city-250-elearning-development/,true,true,true,true,true,true,noindex,true,false,false,false,false,false
/locations/city-251-elearning-development/,true,true,true,true,true,true,noindex,true,false,false,false,false,false
/locations/city-252-elearning-development/,true,true,true,true,true,true,noindex,true,false,false,false,false,false
/locations/city-253-elearning-development/,true,true,true,true,true,true,noindex,true,false,false,false,false,false
/locations/city-254-elearning-development/,true,true,true,true,true,true,noindex,true,false,false,false,false,false
/locations/city-255-elearning-development/,true,true,true,true,true,true,noindex,true,false,false,false,false,false
/locations/city-256-elearning-development/,true,true,true,true,true,true,noindex,true,false,false,false,false,false
/locations/city-257-elearning-development/,true,true,true,true,true,true,noindex,true,false,false,false,false,false
/locations/city-258-elearning-development/,true,true,true,true,true,true,noindex,true,false,false,false,false,false
/locations/city-259-elearning-development/,true,true,true,true,true,true,noindex,true,false,false,false,false,false
/locations/city-260-elearning-development/,true,true,true,true,true,true,noindex,true,false,false,false,false,false
/locations/city-261-elearning-development/,true,true,true,true,true,true,noindex,true,false,false,false,false,false
/locations/city-262-elearning-development/,true,true,true,true,true,true,noindex,true,false,false,false,false,false
/locations/city-263-elearning-development/,true,true,true,true,true,true,noindex,true,false,false,false,false,false
/locations/city-264-elearning-development/,true,true,true,true,true,true,noindex,true,false,false,false,false,false
/locations/city-265-elearning-development/,true,true,true,true,true,true,noindex,true,false,false,false,false,false
/locations/city-266-elearning-development/,true,true,true,true,true,true,noindex,true,false,false,false,false,false
/locations/city-267-elearning-development/,true,true,true,true,true,true,noindex,true,false,false,false,false,false
/locations/city-268-elearning-development/,true,true,true,true,true,true,noindex,true,false,false,false,false,false
/locations/city-269-elearning-development/,true,true,true,true,true,true,noindex,true,false,false,false,false,false
/locations/city-270-elearning-development/,true,true,true,true,true,true,noindex,true,false,false,false,false,false
/locations/city-271-elearning-development/,true,true,true,true,true,true,noindex,true,false,false,false,false,false
/locations/city-272-elearning-development/,true,true,true,true,true,true,noindex,true,false,false,false,false,false
/locations/city-273-elearning-development/,true,true,true,true,true,true,noindex,true,false,false,false,false,false
/locations/city-274-elearning-development/,true,true,true,true,true,true,noindex,true,false,false,false,false,false
/locations/city-275-elearning-development/,true,true,true,true,true,true,noindex,true,false,false,false,false,false
/locations/city-276-elearning-development/,true,true,true,true,true,true,noindex,true,false,false,false,false,false
/locations/city-277-elearning-development/,true,true,true,true,true,true,noindex,true,false,false,false,false,false
/locations/city-278-elearning-development/,true,true,true,true,true,true,noindex,true,false,false,false,false,false
/locations/city-279-elearning-development/,true,true,true,true,true,true,noindex,true,false,false,false,false,false
/locations/city-280-elearning-development/,true,true,true,true,true,true,noindex,true,false,false,false,false,false
/locations/city-281-elearning-development/,true,true,true,true,true,true,noindex,true,false,false,false,false,false
/locations/city-282-elearning-development/,true,true,true,true,true,true,noindex,true,false,false,false,false,false
/locations/city-283-elearning-development/,true,true,true,true,true,true,noindex,true,false,false,false,false,false
/locations/city-284-elearning-development/,true,true,true,true,true,true,noindex,true,false,false,false,false,false
/locations/city-285-elearning-development/,true,true,true,true,true,true,noindex,true,false,false,false,false,false
/locations/city-286-elearning-development/,true,true,true,true,true,true,noindex,true,false,false,false,false,false
/locations/city-287-elearning-development/,true,true,true,true,true,true,noindex,true,false,false,false,false,false
/locations/city-288-elearning-development/,true,true,true,true,true,true,noindex,true,false,false,false,false,false
/locations/city-289-elearning-development/,true,true,true,true,true,true,noindex,true,false,false,false,false,false
/locations/city-290-elearning-development/,true,true,true,true,true,true,noindex,true,false,false,false,false,false
/locations/city-291-elearning-development/,true,true,true,true,true,true,noindex,true,false,false,false,false,false
/locations/city-292-elearning-development/,true,true,true,true,true,true,noindex,true,false,false,false,false,false
/locations/city-293-elearning-development/,true,true,true,true,true,true,noindex,true,false,false,false,false,false
/locations/city-294-elearning-development/,true,true,true,true,true,true,noindex,true,false,false,false,false,false
/locations/city-295-elearning-development/,true,true,true,true,true,true,noindex,true,false,false,false,false,false
/locations/city-296-elearning-development/,true,true,true,true,true,true,noindex,true,false,false,false,false,false
/locations/city-297-elearning-development/,true,true,true,true,true,true,noindex,true,false,false,false,false,false
/locations/city-298-elearning-development/,true,true,true,true,true,true,noindex,true,false,false,false,false,false
/locations/city-299-elearning-development/,true,true,true,true,true,true,noindex,true,false,false,false,false,false
/locations/city-300-elearning-development/,true,true,true,true,true,true,noindex,true,false,false,false,false,false
/locations/city-301-elearning-development/,true,true,true,true,true,true,noindex,true,false,false,false,false,false
/locations/city-302-elearning-development/,true,true,true,true,true,true,noindex,true,false,false,false,false,false
/locations/city-303-elearning-development/,true,true,true,true,true,true,noindex,true,false,false,false,false,false
/locations/city-304-elearning-development/,true,true,true,true,true,true,noindex,true,false,false,false,false,false
/locations/city-305-elearning-development/,true,true,true,true,true,true,noindex,true,false,false,false,false,false
/locations/city-306-elearning-development/,true,true,true,true,true,true,noindex,true,false,false,false,false,false
/locations/city-307-elearning-development/,true,true,true,true,true,true,noindex,true,false,false,false,false,false
/locations/city-308-elearning-development/,true,true,true,true,true,true,noindex,true,false,false,false,false,false
/locations/city-309-elearning-development/,true,true,true,true,true,true,noindex,true,false,false,false,false,false
/locations/city-310-elearning-development/,true,true,true,true,true,true,noindex,true,false,false,false,false,false
/locations/city-311-elearning-development/,true,true,true,true,true,true,noindex,true,false,false,false,false,false
/locations/city-312-elearning-development/,true,true,true,true,true,true,noindex,true,false,false,false,false,false
/locations/city-313-elearning-development/,true,true,true,true,true,true,noindex,true,false,false,false,false,false
/locations/city-314-elearning-development/,true,true,true,true,true,true,noindex,true,false,false,false,false,false
/locations/city-315-elearning-development/,true,true,true,true,true,true,noindex,true,false,false,false,false,false
/locations/city-316-elearning-development/,true,true,true,true,true,true,noindex,true,false,false,false,false,false
/locations/city-317-elearning-development/,true,true,true,true,true,true,noindex,true,false,false,false,false,false
/locations/city-318-elearning-development/,true,true,true,true,true,true,noindex,true,false,false,false,false,false
/locations/city-319-elearning-development/,true,true,true,true,true,true,noindex,true,false,false,false,false,false
/locations/city-320-elearning-development/,true,true,true,true,true,true,noindex,true,false,false,false,false,false
/locations/city-321-elearning-development/,true,true,true,true,true,true,noindex,true,false,false,false,false,false
/locations/city-322-elearning-development/,true,true,true,true,true,true,noindex,true,false,false,false,false,false
/locations/city-323-elearning-development/,true,true,true,true,true,true,noindex,true,false,false,false,false,false
/locations/city-324-elearning-development/,true,true,true,true,true,true,noindex,true,false,false,false,false,false
/locations/city-325-elearning-development/,true,true,true,true,true,true,noindex,true,false,false,false,false,false
/locations/city-326-elearning-development/,true,true,true,true,true,true,noindex,true,false,false,false,false,false
/locations/city-327-elearning-development/,true,true,true,true,true,true,noindex,true,false,false,false,false,false
/locations/city-328-elearning-development/,true,true,true,true,true,true,noindex,true,false,false,false,false,false
/locations/city-329-elearning-development/,true,true,true,true,true,true,noindex,true,false,false,false,false,false
/locations/city-330-elearning-development/,true,true,true,true,true,true,noindex,true,false,false,false,false,false
/locations/city-331-elearning-development/,true,true,true,true,true,true,noindex,true,false,false,false,false,false
/locations/city-332-elearning-development/,true,true,true,true,true,true,noindex,true,false,false,false,false,false
/locations/city-333-elearning-development/,true,true,true,true,true,true,noindex,true,false,false,false,false,false
/locations/city-334-elearning-development/,true,true,true,true,true,true,noindex,true,false,false,false,false,false
/locations/city-335-elearning-development/,true,true,true,true,true,true,noindex,true,false,false,false,false,false
/locations/city-336-elearning-development/,true,true,true,true,true,true,noindex,true,false,false,false,false,false
/locations/city-337-elearning-development/,true,true,true,true,true,true,noindex,true,false,false,false,false,false
/locations/city-338-elearning-development/,true,true,true,true,true,true,noindex,true,false,false,false,false,false
/locations/city-339-elearning-development/,true,true,true,true,true,true,noindex,true,false,false,false,false,false
/locations/city-340-elearning-development/,true,true,true,true,true,true,noindex,true,false,false,false,false,false
/locations/city-341-elearning-development/,true,true,true,true,true,true,noindex,true,false,false,false,false,false
/locations/city-342-elearning-development/,true,true,true,true,true,true,noindex,true,false,false,false,false,false
/locations/city-343-elearning-development/,true,true,true,true,true,true,noindex,true,false,false,false,false,false
/locations/city-344-elearning-development/,true,true,true,true,true,true,noindex,true,false,false,false,false,false
/locations/city-345-elearning-development/,true,true,true,true,true,true,noindex,true,false,false,false,false,false
/locations/city-346-elearning-development/,true,true,true,true,true,true,noindex,true,false,false,false,false,false
/locations/city-347-elearning-development/,true,true,true,true,true,true,noindex,true,false,false,false,false,false
/locations/city-348-elearning-development/,true,true,true,true,true,true,noindex,true,false,false,false,false,false
/locations/city-349-elearning-development/,true,true,true,true,true,true,noindex,true,false,false,false,false,false
/locations/city-350-elearning-development/,true,true,true,true,true,true,noindex,true,false,false,false,false,false
/locations/city-351-elearning-development/,true,true,true,true,true,true,noindex,true,false,false,false,false,false
/locations/city-352-elearning-development/,true,true,true,true,true,true,noindex,true,false,false,false,false,false
/locations/city-353-elearning-development/,true,true,true,true,true,true,noindex,true,false,false,false,false,false
/locations/city-354-elearning-development/,true,true,true,true,true,true,noindex,true,false,false,false,false,false
/locations/city-355-elearning-development/,true,true,true,true,true,true,noindex,true,false,false,false,false,false
/locations/city-356-elearning-development/,true,true,true,true,true,true,noindex,true,false,false,false,false,false
/locations/city-357-elearning-development/,true,true,true,true,true,true,noindex,true,false,false,false,false,false
/locations/city-358-elearning-development/,true,true,true,true,true,true,noindex,true,false,false,false,false,false
/locations/city-359-elearning-development/,true,true,true,true,true,true,noindex,true,false,false,false,false,false
/locations/city-360-elearning-development/,true,true,true,true,true,true,noindex,true,false,false,false,false,false
/locations/city-361-elearning-development/,true,true,true,true,true,true,noindex,true,false,false,false,false,false
/locations/city-362-elearning-development/,true,true,true,true,true,true,noindex,true,false,false,false,false,false
/locations/city-363-elearning-development/,true,true,true,true,true,true,noindex,true,false,false,false,false,false
/locations/city-364-elearning-development/,true,true,true,true,true,true,noindex,true,false,false,false,false,false
/locations/city-365-elearning-development/,true,true,true,true,true,true,noindex,true,false,false,false,false,false
/locations/city-366-elearning-development/,true,true,true,true,true,true,noindex,true,false,false,false,false,false
/locations/city-367-elearning-development/,true,true,true,true,true,true,noindex,true,false,false,false,false,false
/locations/city-368-elearning-development/,true,true,true,true,true,true,noindex,true,false,false,false,false,false
/locations/city-369-elearning-development/,true,true,true,true,true,true,noindex,true,false,false,false,false,false
/locations/city-370-elearning-development/,true,true,true,true,true,true,noindex,true,false,false,false,false,false
/locations/city-371-elearning-development/,true,true,true,true,true,true,noindex,true,false,false,false,false,false
/locations/city-372-elearning-development/,true,true,true,true,true,true,noindex,true,false,false,false,false,false
/locations/city-373-elearning-development/,true,true,true,true,true,true,noindex,true,false,false,false,false,false
/locations/city-374-elearning-development/,true,true,true,true,true,true,noindex,true,false,false,false,false,false
/locations/city-375-elearning-development/,true,true,true,true,true,true,noindex,true,false,false,false,false,false
/locations/city-376-elearning-development/,true,true,true,true,true,true,noindex,true,false,false,false,false,false
/locations/city-377-elearning-development/,true,true,true,true,true,true,noindex,true,false,false,false,false,false
/locations/city-378-elearning-development/,true,true,true,true,true,true,noindex,true,false,false,false,false,false
/locations/city-379-elearning-development/,true,true,true,true,true,true,noindex,true,false,false,false,false,false
/locations/city-380-elearning-development/,true,true,true,true,true,true,noindex,true,false,false,false,false,false
/locations/city-381-elearning-development/,true,true,true,true,true,true,noindex,true,false,false,false,false,false
/locations/city-382-elearning-development/,true,true,true,true,true,true,noindex,true,false,false,false,false,false
/locations/city-383-elearning-development/,true,true,true,true,true,true,noindex,true,false,false,false,false,false
/locations/city-384-elearning-development/,true,true,true,true,true,true,noindex,true,false,false,false,false,false
/locations/city-385-elearning-development/,true,true,true,true,true,true,noindex,true,false,false,false,false,false
/locations/city-386-elearning-development/,true,true,true,true,true,true,noindex,true,false,false,false,false,false
/locations/city-387-elearning-development/,true,true,true,true,true,true,noindex,true,false,false,false,false,false
/locations/city-388-elearning-development/,true,true,true,true,true,true,noindex,true,false,false,false,false,false
/locations/city-389-elearning-development/,true,true,true,true,true,true,noindex,true,false,false,false,false,false
/locations/city-390-elearning-development/,true,true,true,true,true,true,noindex,true,false,false,false,false,false
/locations/city-391-elearning-development/,true,true,true,true,true,true,noindex,true,false,false,false,false,false
/locations/city-392-elearning-development/,true,true,true,true,true,true,noindex,true,false,false,false,false,false
/locations/city-393-elearning-development/,true,true,true,true,true,true,noindex,true,false,false,false,false,false
/locations/city-394-elearning-development/,true,true,true,true,true,true,noindex,true,false,false,false,false,false
/locations/city-395-elearning-development/,true,true,true,true,true,true,noindex,true,false,false,false,false,false
/locations/city-396-elearning-development/,true,true,true,true,true,true,noindex,true,false,false,false,false,false
/locations/city-397-elearning-development/,true,true,true,true,true,true,noindex,true,false,false,false,false,false
/locations/city-398-elearning-development/,true,true,true,true,true,true,noindex,true,false,false,false,false,false
/locations/city-399-elearning-development/,true,true,true,true,true,true,noindex,true,false,false,false,false,false
/locations/city-400-elearning-development/,true,true,true,true,true,true,noindex,true,false,false,false,false,false
/locations/city-401-elearning-development/,true,true,true,true,true,true,noindex,true,false,false,false,false,false
/locations/city-402-elearning-development/,true,true,true,true,true,true,noindex,true,false,false,false,false,false
/locations/city-403-elearning-development/,true,true,true,true,true,true,noindex,true,false,false,false,false,false
/locations/city-404-elearning-development/,true,true,true,true,true,true,noindex,true,false,false,false,false,false
/locations/city-405-elearning-development/,true,true,true,true,true,true,noindex,true,false,false,false,false,false
/locations/city-406-elearning-development/,true,true,true,true,true,true,noindex,true,false,false,false,false,false
/locations/city-407-elearning-development/,true,true,true,true,true,true,noindex,true,false,false,false,false,false
/locations/city-408-elearning-development/,true,true,true,true,true,true,noindex,true,false,false,false,false,false
/locations/city-409-elearning-development/,true,true,true,true,true,true,noindex,true,false,false,false,false,false
/locations/city-410-elearning-development/,true,true,true,true,true,true,noindex,true,false,false,false,false,false
/locations/city-411-elearning-development/,true,true,true,true,true,true,noindex,true,false,false,false,false,false
/locations/city-412-elearning-development/,true,true,true,true,true,true,noindex,true,false,false,false,false,false
/locations/city-413-elearning-development/,true,true,true,true,true,true,noindex,true,false,false,false,false,false
/locations/city-414-elearning-development/,true,true,true,true,true,true,noindex,true,false,false,false,false,false
/locations/city-415-elearning-development/,true,true,true,true,true,true,noindex,true,false,false,false,false,false
/locations/city-416-elearning-development/,true,true,true,true,true,true,noindex,true,false,false,false,false,false
/locations/city-417-elearning-development/,true,true,true,true,true,true,noindex,true,false,false,false,false,false
/locations/city-418-elearning-development/,true,true,true,true,true,true,noindex,true,false,false,false,false,false
/locations/city-419-elearning-development/,true,true,true,true,true,true,noindex,true,false,false,false,false,false
/locations/city-420-elearning-development/,true,true,true,true,true,true,noindex,true,false,false,false,false,false
/locations/city-421-elearning-development/,true,true,true,true,true,true,noindex,true,false,false,false,false,false
/locations/city-422-elearning-development/,true,true,true,true,true,true,noindex,true,false,false,false,false,false
/locations/city-423-elearning-development/,true,true,true,true,true,true,noindex,true,false,false,false,false,false
/locations/city-424-elearning-development/,true,true,true,true,true,true,noindex,true,false,false,false,false,false
/locations/city-425-elearning-development/,true,true,true,true,true,true,noindex,true,false,false,false,false,false
/locations/city-426-elearning-development/,true,true,true,true,true,true,noindex,true,false,false,false,false,false
/locations/city-427-elearning-development/,true,true,true,true,true,true,noindex,true,false,false,false,false,false
/locations/city-428-elearning-development/,true,true,true,true,true,true,noindex,true,false,false,false,false,false
/locations/city-429-elearning-development/,true,true,true,true,true,true,noindex,true,false,false,false,false,false
/locations/city-430-elearning-development/,true,true,true,true,true,true,noindex,true,false,false,false,false,false
/locations/city-431-elearning-development/,true,true,true,true,true,true,noindex,true,false,false,false,false,false
/locations/city-432-elearning-development/,true,true,true,true,true,true,noindex,true,false,false,false,false,false
/locations/city-433-elearning-development/,true,true,true,true,true,true,noindex,true,false,false,false,false,false
/locations/city-434-elearning-development/,true,true,true,true,true,true,noindex,true,false,false,false,false,false
/locations/city-435-elearning-development/,true,true,true,true,true,true,noindex,true,false,false,false,false,false
/locations/city-436-elearning-development/,true,true,true,true,true,true,noindex,true,false,false,false,false,false
/locations/city-437-elearning-development/,true,true,true,true,true,true,noindex,true,false,false,false,false,false
/locations/city-438-elearning-development/,true,true,true,true,true,true,noindex,true,false,false,false,false,false
/locations/city-439-elearning-development/,true,true,true,true,true,true,noindex,true,false,false,false,false,false
/locations/city-440-elearning-development/,true,true,true,true,true,true,noindex,true,false,false,false,false,false
/locations/city-441-elearning-development/,true,true,true,true,true,true,noindex,true,false,false,false,false,false
/locations/city-442-elearning-development/,true,true,true,true,true,true,noindex,true,false,false,false,false,false
/locations/city-443-elearning-development/,true,true,true,true,true,true,noindex,true,false,false,false,false,false
/locations/city-444-elearning-development/,true,true,true,true,true,true,noindex,true,false,false,false,false,false
/locations/city-445-elearning-development/,true,true,true,true,true,true,noindex,true,false,false,false,false,false
/locations/city-446-elearning-development/,true,true,true,true,true,true,noindex,true,false,false,false,false,false
/locations/city-447-elearning-development/,true,true,true,true,true,true,noindex,true,false,false,false,false,false
/locations/city-448-elearning-development/,true,true,true,true,true,true,noindex,true,false,false,false,false,false
/locations/city-449-elearning-development/,true,true,true,true,true,true,noindex,true,false,false,false,false,false
/locations/city-450-elearning-development/,true,true,true,true,true,true,noindex,true,false,false,false,false,false
/locations/city-451-elearning-development/,true,true,true,true,true,true,noindex,true,false,false,false,false,false
/locations/city-452-elearning-development/,true,true,true,true,true,true,noindex,true,false,false,false,false,false
/locations/city-453-elearning-development/,true,true,true,true,true,true,noindex,true,false,false,false,false,false
/locations/city-454-elearning-development/,true,true,true,true,true,true,noindex,true,false,false,false,false,false
/locations/city-455-elearning-development/,true,true,true,true,true,true,noindex,true,false,false,false,false,false
/locations/city-456-elearning-development/,true,true,true,true,true,true,noindex,true,false,false,false,false,false
/locations/city-457-elearning-development/,true,true,true,true,true,true,noindex,true,false,false,false,false,false
/locations/city-458-elearning-development/,true,true,true,true,true,true,noindex,true,false,false,false,false,false
/locations/city-459-elearning-development/,true,true,true,true,true,true,noindex,true,false,false,false,false,false
/locations/city-460-elearning-development/,true,true,true,true,true,true,noindex,true,false,false,false,false,false
/locations/city-461-elearning-development/,true,true,true,true,true,true,noindex,true,false,false,false,false,false
/locations/city-462-elearning-development/,true,true,true,true,true,true,noindex,true,false,false,false,false,false
/locations/city-463-elearning-development/,true,true,true,true,true,true,noindex,true,false,false,false,false,false
/locations/city-464-elearning-development/,true,true,true,true,true,true,noindex,true,false,false,false,false,false
/locations/city-465-elearning-development/,true,true,true,true,true,true,noindex,true,false,false,false,false,false
/locations/city-466-elearning-development/,true,true,true,true,true,true,noindex,true,false,false,false,false,false
/locations/city-467-elearning-development/,true,true,true,true,true,true,noindex,true,false,false,false,false,false
/locations/city-468-elearning-development/,true,true,true,true,true,true,noindex,true,false,false,false,false,false
/locations/city-469-elearning-development/,true,true,true,true,true,true,noindex,true,false,false,false,false,false
/locations/city-470-elearning-development/,true,true,true,true,true,true,noindex,true,false,false,false,false,false
/locations/city-471-elearning-development/,true,true,true,true,true,true,noindex,true,false,false,false,false,false
/locations/city-472-elearning-development/,true,true,true,true,true,true,noindex,true,false,false,false,false,false
/locations/city-473-elearning-development/,true,true,true,true,true,true,noindex,true,false,false,false,false,false
/locations/city-474-elearning-development/,true,true,true,true,true,true,noindex,true,false,false,false,false,false
/locations/city-475-elearning-development/,true,true,true,true,true,true,noindex,true,false,false,false,false,false
/locations/city-476-elearning-development/,true,true,true,true,true,true,noindex,true,false,false,false,false,false
/locations/city-477-elearning-development/,true,true,true,true,true,true,noindex,true,false,false,false,false,false
/locations/city-478-elearning-development/,true,true,true,true,true,true,noindex,true,false,false,false,false,false
/locations/city-479-elearning-development/,true,true,true,true,true,true,noindex,true,false,false,false,false,false
/locations/city-480-elearning-development/,true,true,true,true,true,true,noindex,true,false,false,false,false,false
/locations/city-481-elearning-development/,true,true,true,true,true,true,noindex,true,false,false,false,false,false
/locations/city-482-elearning-development/,true,true,true,true,true,true,noindex,true,false,false,false,false,false
/locations/city-483-elearning-development/,true,true,true,true,true,true,noindex,true,false,false,false,false,false
/locations/city-484-elearning-development/,true,true,true,true,true,true,noindex,true,false,false,false,false,false
/locations/city-485-elearning-development/,true,true,true,true,true,true,noindex,true,false,false,false,false,false
/locations/city-486-elearning-development/,true,true,true,true,true,true,noindex,true,false,false,false,false,false
/locations/city-487-elearning-development/,true,true,true,true,true,true,noindex,true,false,false,false,false,false
/locations/city-488-elearning-development/,true,true,true,true,true,true,noindex,true,false,false,false,false,false
/locations/city-489-elearning-development/,true,true,true,true,true,true,noindex,true,false,false,false,false,false
/locations/city-490-elearning-development/,true,true,true,true,true,true,noindex,true,false,false,false,false,false
/locations/city-491-elearning-development/,true,true,true,true,true,true,noindex,true,false,false,false,false,false
/locations/city-492-elearning-development/,true,true,true,true,true,true,noindex,true,false,false,false,false,false
/locations/city-493-elearning-development/,true,true,true,true,true,true,noindex,true,false,false,false,false,false
/locations/city-494-elearning-development/,true,true,true,true,true,true,noindex,true,false,false,false,false,false
/locations/city-495-elearning-development/,true,true,true,true,true,true,noindex,true,false,false,false,false,false
/locations/city-496-elearning-development/,true,true,true,true,true,true,noindex,true,false,false,false,false,false
/locations/city-497-elearning-development/,true,true,true,true,true,true,noindex,true,false,false,false,false,false
/locations/city-498-elearning-development/,true,true,true,true,true,true,noindex,true,false,false,false,false,false
/locations/city-499-elearning-development/,true,true,true,true,true,true,noindex,true,false,false,false,false,false
/locations/city-500-elearning-development/,true,true,true,true,true,true,noindex,true,false,false,false,false,false
/locations/city-51-elearning-development/,true,true,true,true,true,true,noindex,true,false,false,false,false,false
/locations/city-52-elearning-development/,true,true,true,true,true,true,noindex,true,false,false,false,false,false
/locations/city-53-elearning-development/,true,true,true,true,true,true,noindex,true,false,false,false,false,false
/locations/city-54-elearning-development/,true,true,true,true,true,true,noindex,true,false,false,false,false,false
/locations/city-55-elearning-development/,true,true,true,true,true,true,noindex,true,false,false,false,false,false
/locations/city-56-elearning-development/,true,true,true,true,true,true,noindex,true,false,false,false,false,false
/locations/city-57-elearning-development/,true,true,true,true,true,true,noindex,true,false,false,false,false,false
/locations/city-58-elearning-development/,true,true,true,true,true,true,noindex,true,false,false,false,false,false
/locations/city-59-elearning-development/,true,true,true,true,true,true,noindex,true,false,false,false,false,false
/locations/city-60-elearning-development/,true,true,true,true,true,true,noindex,true,false,false,false,false,false
/locations/city-61-elearning-development/,true,true,true,true,true,true,noindex,true,false,false,false,false,false
/locations/city-62-elearning-development/,true,true,true,true,true,true,noindex,true,false,false,false,false,false
/locations/city-63-elearning-development/,true,true,true,true,true,true,noindex,true,false,false,false,false,false
/locations/city-64-elearning-development/,true,true,true,true,true,true,noindex,true,false,false,false,false,false
/locations/city-65-elearning-development/,true,true,true,true,true,true,noindex,true,false,false,false,false,false
/locations/city-66-elearning-development/,true,true,true,true,true,true,noindex,true,false,false,false,false,false
/locations/city-67-elearning-development/,true,true,true,true,true,true,noindex,true,false,false,false,false,false
/locations/city-68-elearning-development/,true,true,true,true,true,true,noindex,true,false,false,false,false,false
/locations/city-69-elearning-development/,true,true,true,true,true,true,noindex,true,false,false,false,false,false
/locations/city-70-elearning-development/,true,true,true,true,true,true,noindex,true,false,false,false,false,false
/locations/city-71-elearning-development/,true,true,true,true,true,true,noindex,true,false,false,false,false,false
/locations/city-72-elearning-development/,true,true,true,true,true,true,noindex,true,false,false,false,false,false
/locations/city-73-elearning-development/,true,true,true,true,true,true,noindex,true,false,false,false,false,false
/locations/city-74-elearning-development/,true,true,true,true,true,true,noindex,true,false,false,false,false,false
/locations/city-75-elearning-development/,true,true,true,true,true,true,noindex,true,false,false,false,false,false
/locations/city-76-elearning-development/,true,true,true,true,true,true,noindex,true,false,false,false,false,false
/locations/city-77-elearning-development/,true,true,true,true,true,true,noindex,true,false,false,false,false,false
/locations/city-78-elearning-development/,true,true,true,true,true,true,noindex,true,false,false,false,false,false
/locations/city-79-elearning-development/,true,true,true,true,true,true,noindex,true,false,false,false,false,false
/locations/city-80-elearning-development/,true,true,true,true,true,true,noindex,true,false,false,false,false,false
/locations/city-81-elearning-development/,true,true,true,true,true,true,noindex,true,false,false,false,false,false
/locations/city-82-elearning-development/,true,true,true,true,true,true,noindex,true,false,false,false,false,false
/locations/city-83-elearning-development/,true,true,true,true,true,true,noindex,true,false,false,false,false,false
/locations/city-84-elearning-development/,true,true,true,true,true,true,noindex,true,false,false,false,false,false
/locations/city-85-elearning-development/,true,true,true,true,true,true,noindex,true,false,false,false,false,false
/locations/city-86-elearning-development/,true,true,true,true,true,true,noindex,true,false,false,false,false,false
/locations/city-87-elearning-development/,true,true,true,true,true,true,noindex,true,false,false,false,false,false
/locations/city-88-elearning-development/,true,true,true,true,true,true,noindex,true,false,false,false,false,false
/locations/city-89-elearning-development/,true,true,true,true,true,true,noindex,true,false,false,false,false,false
/locations/city-90-elearning-development/,true,true,true,true,true,true,noindex,true,false,false,false,false,false
/locations/city-91-elearning-development/,true,true,true,true,true,true,noindex,true,false,false,false,false,false
/locations/city-92-elearning-development/,true,true,true,true,true,true,noindex,true,false,false,false,false,false
/locations/city-93-elearning-development/,true,true,true,true,true,true,noindex,true,false,false,false,false,false
/locations/city-94-elearning-development/,true,true,true,true,true,true,noindex,true,false,false,false,false,false
/locations/city-95-elearning-development/,true,true,true,true,true,true,noindex,true,false,false,false,false,false
/locations/city-96-elearning-development/,true,true,true,true,true,true,noindex,true,false,false,false,false,false
/locations/city-97-elearning-development/,true,true,true,true,true,true,noindex,true,false,false,false,false,false
/locations/city-98-elearning-development/,true,true,true,true,true,true,noindex,true,false,false,false,false,false
/locations/city-99-elearning-development/,true,true,true,true,true,true,noindex,true,false,false,false,false,false
/locations/dallas-elearning-development/,true,true,true,true,true,true,noindex,true,false,false,false,false,true
/locations/doha-elearning-development/,true,true,true,true,true,true,index,true,false,false,false,false,true
/locations/dubai-elearning-development/,true,true,true,true,true,true,index,true,false,false,false,false,true
/locations/dublin-elearning-development/,true,true,true,true,true,true,index,true,false,false,false,false,true
/locations/europe/,true,true,true,true,true,true,index,true,false,false,false,false,true
/locations/france/,true,true,true,true,true,true,index,true,false,false,false,false,true
/locations/frankfurt-elearning-development/,true,true,true,true,true,true,noindex,true,false,false,false,false,true
/locations/gcc-elearning-services/,true,true,true,true,true,true,index,true,false,false,false,false,true
/locations/germany/,true,true,true,true,true,true,index,true,false,false,false,false,true
/locations/hong-kong-elearning-development/,true,true,true,true,true,true,noindex,true,false,false,false,false,true
/locations/houston-elearning-development/,true,true,true,true,true,true,noindex,true,false,false,false,false,true
/locations/,true,true,true,true,true,true,index,true,false,false,false,false,false
/locations/india/,true,true,true,true,true,true,index,true,false,false,false,false,true
/locations/ireland/,true,true,true,true,true,true,index,true,false,false,false,false,true
/locations/islamabad-elearning-development/,true,true,true,true,true,true,index,true,false,false,false,false,true
/locations/jakarta-elearning-development/,true,true,true,true,true,true,noindex,true,false,false,false,false,true
/locations/jeddah-elearning-development/,true,true,true,true,true,true,index,true,false,false,false,false,true
/locations/johannesburg-elearning-development/,true,true,true,true,true,true,index,true,false,false,false,false,true
/locations/karachi-elearning-development/,true,true,true,true,true,true,index,true,false,false,false,false,true
/locations/kuala-lumpur-elearning-development/,true,true,true,true,true,true,index,true,false,false,false,false,true
/locations/lahore-elearning-development/,true,true,true,true,true,true,index,true,false,false,false,false,true
/locations/latin-america/,true,true,true,true,true,true,index,true,false,false,false,false,true
/locations/london-elearning-development/,true,true,true,true,true,true,index,true,false,false,false,false,true
/locations/los-angeles-elearning-development/,true,true,true,true,true,true,index,true,false,false,false,false,true
/locations/lyon-elearning-development/,true,true,true,true,true,true,noindex,true,false,false,false,false,true
/locations/manchester-elearning-development/,true,true,true,true,true,true,index,true,false,false,false,false,false
/locations/manila-elearning-development/,true,true,true,true,true,true,noindex,true,false,false,false,false,true
/locations/melbourne-elearning-development/,true,true,true,true,true,true,index,true,false,false,false,false,true
/locations/mexico-city-elearning-development/,true,true,true,true,true,true,noindex,true,false,false,false,false,true
/locations/miami-elearning-development/,true,true,true,true,true,true,noindex,true,false,false,false,false,true
/locations/middle-east/,true,true,true,true,true,true,index,true,false,false,false,false,true
/locations/montreal-elearning-development/,true,true,true,true,true,true,noindex,true,false,false,false,false,true
/locations/mumbai-elearning-development/,true,true,true,true,true,true,index,true,false,false,false,false,true
/locations/munich-elearning-development/,true,true,true,true,true,true,noindex,true,false,false,false,false,true
/locations/netherlands/,true,true,true,true,true,true,index,true,false,false,false,false,true
/locations/new-delhi-elearning-development/,true,true,true,true,true,true,noindex,true,false,false,false,false,true
/locations/new-york-elearning-development/,true,true,true,true,true,true,index,true,false,false,false,false,true
/locations/north-america/,true,true,true,true,true,true,index,true,false,false,false,false,true
/locations/pakistan/,true,true,true,true,true,true,index,true,false,false,false,false,true
/locations/paris-elearning-development/,true,true,true,true,true,true,index,true,false,false,false,false,true
/locations/perth-elearning-development/,true,true,true,true,true,true,noindex,true,false,false,false,false,true
/locations/qatar/,true,true,true,true,true,true,index,true,false,false,false,false,true
/locations/riyadh-elearning-development/,true,true,true,true,true,true,index,true,false,false,false,false,true
/locations/rotterdam-elearning-development/,true,true,true,true,true,true,noindex,true,false,false,false,false,true
/locations/s-o-paulo-elearning-development/,true,true,true,true,true,true,noindex,true,false,false,false,false,true
/locations/san-francisco-elearning-development/,true,true,true,true,true,true,index,true,false,false,false,false,true
/locations/saudi-arabia/,true,true,true,true,true,true,index,true,false,false,false,false,true
/locations/seattle-elearning-development/,true,true,true,true,true,true,noindex,true,false,false,false,false,true
/locations/seoul-elearning-development/,true,true,true,true,true,true,noindex,true,false,false,false,false,true
/locations/singapore/,true,true,true,true,true,true,index,true,false,false,false,false,true
/locations/singapore-elearning-development/,true,true,true,true,true,true,index,true,false,false,false,false,true
/locations/south-africa/,true,true,true,true,true,true,index,true,false,false,false,false,true
/locations/sydney-elearning-development/,true,true,true,true,true,true,index,true,false,false,false,false,true
/locations/tokyo-elearning-development/,true,true,true,true,true,true,noindex,true,false,false,false,false,true
/locations/toronto-elearning-development/,true,true,true,true,true,true,index,true,false,false,false,false,true
/locations/united-arab-emirates/,true,true,true,true,true,true,index,true,false,false,false,false,true
/locations/united-kingdom/,true,true,true,true,true,true,index,true,false,false,false,false,true
/locations/united-states/,true,true,true,true,true,true,index,true,false,false,false,false,true
/locations/vancouver-elearning-development/,true,true,true,true,true,true,index,true,false,false,false,false,true
/locations/zurich-elearning-development/,true,true,true,true,true,true,index,true,false,false,false,false,false
/media-kit/,true,true,true,true,true,true,index,true,false,false,false,false,false
/news/,true,true,true,true,true,true,index,true,false,false,false,false,true
/newsroom/,true,true,true,true,true,true,index,true,false,false,false,false,false
/platforms/,true,true,true,true,true,true,index,true,false,false,false,false,true
/press-releases/,true,true,true,true,true,true,index,true,false,false,false,false,true
/press-releases/theeduassist-expands-elearning-design-services/,true,false,false,false,false,true,index,false,false,true,false,false,false
/pricing/,true,true,true,true,true,true,index,true,false,false,false,false,true
/privacy-policy/,true,true,true,true,true,true,index,true,false,false,false,false,true
/sanity-test/,true,true,true,true,true,true,noindex,true,false,false,false,false,false
/services/ai-ethics-corporate-training/,true,true,true,true,true,true,index,true,false,false,false,false,false
/services/ai-powered-elearning/,true,true,true,true,true,true,index,true,false,false,false,false,false
/services/content-conversion/,true,true,true,true,true,true,index,true,false,false,false,false,false
/services/custom-elearning-development/,true,true,true,true,true,true,index,true,false,false,false,false,false
/services/funnels-automation/,true,true,true,true,true,true,index,true,false,false,false,false,false
/services/,true,true,true,true,true,true,index,true,false,false,false,false,true
/services/lms-implementation-migration/,true,true,true,true,true,true,index,true,false,false,false,false,false
/services/ongoing-support-maintenance/,true,true,true,true,true,true,index,true,false,false,false,false,false
/sitemap/,true,true,true,true,true,true,index,true,false,false,false,false,true
/terms-and-conditions/,true,true,true,true,true,true,index,true,false,false,false,false,true
/thank-you/,true,true,true,true,true,true,index,true,false,false,false,false,false